Name,Jersey Number,Club,Position,Nationality,Age,Wins,Losses,Goals,Shots,Shots on target,Clean sheets,Assists,Passes,Saves,Yellow cards,Red cards,Fouls,Offsides
Bernd Leno,1,Arsenal,Goalkeeper,Germany,28,28,16,0,0,0,14,0,1783,222,2,0,0,0
Matt Macey,33,Arsenal,Goalkeeper,England,26,0,0,0,0,0,0,0,0,0,0,0,0,0
Rúnar Alex Rúnarsson,13,Arsenal,Goalkeeper,Iceland,25,0,0,0,0,0,0,0,0,0,0,0,0,0
Héctor Bellerín,2,Arsenal,Defender,Spain,25,90,37,7,0,0,53,18,7125,0,23,0,125,8
Kieran Tierney,3,Arsenal,Defender,Scotland,23,7,5,1,0,0,2,1,519,0,2,0,9,0
William Saliba,4,Arsenal,Defender,France,19,0,0,0,0,0,0,0,0,0,0,0,0,0
Sokratis,5,Arsenal,Defender,Greece,32,21,11,3,0,0,9,2,2416,0,18,0,56,1
Rob Holding,16,Arsenal,Defender,England,25,25,9,0,0,0,10,0,2200,0,8,0,32,0
Shkodran Mustafi,20,Arsenal,Defender,Germany,28,52,26,7,0,0,26,4,5907,0,28,0,117,7
Calum Chambers,21,Arsenal,Defender,England,25,47,57,6,0,0,28,3,5935,0,28,1,137,2
David Luiz,23,Arsenal,Defender,Brazil,33,113,38,13,0,0,64,7,10165,0,40,3,212,5
Sead Kolasinac,31,Arsenal,Defender,Bosnia And Herzegovina,27,40,22,2,0,0,17,11,3201,0,12,0,74,16
Gabriel Magalhães,6,Arsenal,Defender,Brazil,22,2,0,1,0,0,1,0,197,0,0,0,3,0
Mesut Özil,10,Arsenal,Midfielder,Germany,31,100,39,33,205,92,0,54,11186,0,13,0,95,83
Lucas Torreira,11,Arsenal,Midfielder,Uruguay,24,28,15,3,46,12,0,3,2493,0,14,1,62,0
Ainsley Maitland-Niles,15,Arsenal,Midfielder,England,23,26,16,1,14,4,0,3,1867,0,6,2,35,1
Mohamed Elneny,25,Arsenal,Midfielder,Egypt,28,29,10,0,44,5,0,3,2532,0,7,1,24,2
Joseph Willock,28,Arsenal,Midfielder,England,21,12,12,1,18,5,0,1,398,0,2,0,13,0
Matteo Guendouzi,29,Arsenal,Midfielder,France,21,24,17,0,27,9,0,1,2750,0,15,0,41,0
Emile Smith Rowe,32,Arsenal,Midfielder,England,20,0,1,0,0,0,0,0,35,0,0,0,0,0
Granit Xhaka,34,Arsenal,Midfielder,Switzerland,27,70,33,8,144,41,0,13,9739,0,35,2,196,2
Bukayo Saka,7,Arsenal,Midfielder,England,19,11,7,1,15,4,0,5,716,0,6,0,22,13
Dani Ceballos,8,Arsenal,Midfielder,Spain,24,14,6,0,14,3,0,3,1372,0,1,0,21,0
Alexandre Lacazette,9,Arsenal,Forward,France,29,46,28,39,204,93,0,16,2045,0,11,0,127,62
Pierre-Emerick Aubameyang,14,Arsenal,Forward,Gabon,31,43,25,55,222,105,0,13,1880,0,4,1,30,55
Nicolas Pépé,19,Arsenal,Forward,Cote D'Ivoire,25,15,9,5,51,18,0,6,723,0,4,0,14,4
Reiss Nelson,24,Arsenal,Forward,England,20,10,5,1,13,4,0,0,286,0,1,0,8,4
Eddie Nketiah,30,Arsenal,Forward,England,21,12,8,4,20,8,0,0,172,0,0,1,18,5
Gabriel Martinelli,35,Arsenal,Forward,Brazil,19,3,3,3,12,5,0,0,116,0,1,0,9,2
Willian,12,Arsenal,Forward,Brazil,32,137,47,37,393,145,0,35,8290,0,21,1,131,33
Tom Heaton,1,Aston-Villa,Goalkeeper,England,34,34,55,0,0,0,28,0,3290,408,5,0,2,0
Jed Steer,12,Aston-Villa,Goalkeeper,England,28,0,2,0,0,0,0,0,32,2,0,0,0,0
Ørjan Nyland,25,Aston-Villa,Goalkeeper,Norway,30,1,4,0,0,0,1,0,152,15,0,0,0,0
Lovre Kalinic,28,Aston-Villa,Goalkeeper,Croatia,30,0,0,0,0,0,0,0,0,0,0,0,0,0
Emiliano Martínez,26,Aston-Villa,Goalkeeper,Argentina,28,9,6,0,0,0,7,0,397,44,2,0,1,0
Neil Taylor,3,Aston-Villa,Defender,Wales,31,48,62,0,0,0,38,5,5491,0,21,0,121,3
Ezri Konsa Ngoyo,4,Aston-Villa,Defender,England,22,8,12,2,0,0,5,2,810,0,3,0,17,1
Matt Targett,18,Aston-Villa,Defender,England,25,24,28,2,0,0,12,6,2240,0,8,0,41,2
Björn Engels,22,Aston-Villa,Defender,Belgium,26,3,12,1,0,0,2,0,647,0,1,0,5,1
Frédéric Guilbert,24,Aston-Villa,Defender,France,25,7,13,0,0,0,2,2,749,0,7,0,36,2
Ahmed El Mohamady,27,Aston-Villa,Defender,Egypt,33,48,91,6,0,0,28,13,6628,0,12,1,152,13
Kortney Hause,30,Aston-Villa,Defender,England,25,3,11,1,20,3,0,0,799,0,3,0,24,1
Tyrone Mings,5,Aston-Villa,Defender,England,27,13,27,2,0,0,7,3,1961,0,8,0,30,2
Matthew Cash,2,Aston-Villa,Defender,England,23,1,0,0,0,0,1,0,56,0,1,0,0,0
Douglas Luiz,6,Aston-Villa,Midfielder,Brazil,22,10,20,3,41,13,0,2,1300,0,8,0,51,0
John McGinn,7,Aston-Villa,Midfielder,Scotland,25,7,15,3,57,20,0,3,759,0,4,0,38,0
Henri Lansbury,8,Aston-Villa,Midfielder,England,29,4,8,0,3,0,0,0,115,0,1,0,5,1
Jack Grealish,10,Aston-Villa,Midfielder,England,25,17,42,9,105,32,0,7,2098,0,9,0,47,6
Marvelous Nakamba,19,Aston-Villa,Midfielder,Zimbabwe,26,7,16,0,7,1,0,0,782,0,5,0,26,0
Conor Hourihane,14,Aston-Villa,Midfielder,Ireland,29,8,13,3,30,10,0,5,665,0,4,0,15,4
Trézéguet,17,Aston-Villa,Midfielder,Egypt,25,9,19,6,52,17,0,1,388,0,2,1,39,6
Anwar El Ghazi,21,Aston-Villa,Midfielder,Netherlands,25,7,19,4,52,20,0,4,479,0,3,0,20,12
Jota,23,Aston-Villa,Midfielder,Spain,29,2,7,0,6,1,0,1,93,0,0,0,6,0
Jacob Ramsey,41,Aston-Villa,Midfielder,England,19,0,0,0,0,0,0,0,0,0,0,0,0,0
Wesley,9,Aston-Villa,Forward,Brazil,23,6,12,5,35,18,0,1,367,0,3,0,43,14
Keinan Davis,39,Aston-Villa,Forward,England,22,4,9,0,17,5,0,0,149,0,0,0,12,3
Ollie Watkins,11,Aston-Villa,Forward,England,24,1,0,0,3,0,0,0,19,0,0,0,2,1
Bertrand Traoré,0,Aston-Villa,Forward,Burkina Faso,25,2,4,2,17,6,0,1,136,0,0,0,3,5
Mat Ryan,1,Brighton-and-Hove-Albion,Goalkeeper,Australia,28,27,50,0,0,0,26,0,3272,340,2,0,2,0
Jason Steele,23,Brighton-and-Hove-Albion,Goalkeeper,England,30,0,0,0,0,0,0,0,0,0,0,0,0,0
Christian Walton,31,Brighton-and-Hove-Albion,Goalkeeper,England,24,0,0,0,0,0,0,0,0,0,0,0,0,0
Robert Sánchez,26,Brighton-and-Hove-Albion,Goalkeeper,Spain,22,0,0,0,0,0,0,0,0,0,0,0,0,0
Ben White,3,Brighton-and-Hove-Albion,Defender,England,22,1,1,0,0,0,1,0,101,0,0,0,2,0
Tariq Lamptey,2,Brighton-and-Hove-Albion,Defender,England,19,4,4,0,0,0,1,2,243,0,3,0,16,0
Lewis Dunk,5,Brighton-and-Hove-Albion,Defender,England,28,28,49,6,0,0,27,5,5364,0,21,1,80,1
Adam Webster,4,Brighton-and-Hove-Albion,Defender,England,25,8,13,3,0,0,6,1,2001,0,4,0,14,0
Bernardo,30,Brighton-and-Hove-Albion,Defender,Brazil,25,9,16,0,0,0,2,1,1115,0,5,0,20,6
Dan Burn,33,Brighton-and-Hove-Albion,Defender,England,28,11,19,0,0,0,9,0,1792,0,5,0,38,3
Joël Veltman,34,Brighton-and-Hove-Albion,Defender,Netherlands,28,0,0,0,0,0,0,0,0,0,0,0,0,0
Romaric Yapi,52,Brighton-and-Hove-Albion,Defender,France,20,0,0,0,0,0,0,0,0,0,0,0,0,0
Alex Cochrane,50,Brighton-and-Hove-Albion,Defender,England,20,0,0,0,0,0,0,0,0,0,0,0,0,0
Haydon Roberts,58,Brighton-and-Hove-Albion,Defender,England,18,0,0,0,0,0,0,0,0,0,0,0,0,0
Dale Stephens,6,Brighton-and-Hove-Albion,Midfielder,England,31,24,45,1,49,5,0,5,4785,0,20,1,136,0
Yves Bissouma,8,Brighton-and-Hove-Albion,Midfielder,Mali,24,13,26,1,51,10,0,0,1441,0,9,1,74,2
Alexis Mac Allister,10,Brighton-and-Hove-Albion,Midfielder,Argentina,21,3,2,0,7,1,0,0,98,0,0,0,4,1
Pascal Groß,13,Brighton-and-Hove-Albion,Midfielder,Germany,29,20,42,12,97,38,0,15,2937,0,7,0,67,22
Adam Lallana,14,Brighton-and-Hove-Albion,Midfielder,England,32,98,50,30,274,96,0,28,6407,0,17,0,142,57
Solly March,20,Brighton-and-Hove-Albion,Midfielder,England,26,21,42,2,93,26,0,7,1971,0,6,0,70,15
Davy Pröpper,24,Brighton-and-Hove-Albion,Midfielder,Netherlands,29,24,44,2,80,15,0,7,4384,0,8,1,105,3
Steven Alzate,17,Brighton-and-Hove-Albion,Midfielder,Colombia,22,6,9,0,15,4,0,0,681,0,1,0,21,3
Max Sanders,41,Brighton-and-Hove-Albion,Midfielder,England,21,0,0,0,0,0,0,0,0,0,0,0,0,0
Jayson Molumby,49,Brighton-and-Hove-Albion,Midfielder,Ireland,21,0,0,0,0,0,0,0,0,0,0,0,0,0
Lars Dendoncker,53,Brighton-and-Hove-Albion,Midfielder,Belgium,19,0,0,0,0,0,0,0,0,0,0,0,0,0
Peter Gwargis,55,Brighton-and-Hove-Albion,Midfielder,Sweden,20,0,0,0,0,0,0,0,0,0,0,0,0,0
Leandro Trossard,11,Brighton-and-Hove-Albion,Forward,Belgium,25,7,14,6,45,14,0,4,772,0,0,0,17,4
Neal Maupay,9,Brighton-and-Hove-Albion,Forward,France,24,10,16,12,101,41,0,4,710,0,3,0,38,15
Alireza Jahanbakhsh,16,Brighton-and-Hove-Albion,Forward,Iran,27,8,16,2,34,8,0,0,401,0,2,0,21,7
José Izquierdo,19,Brighton-and-Hove-Albion,Forward,Colombia,28,13,19,5,67,19,0,4,728,0,3,0,26,18
Aaron Connolly,7,Brighton-and-Hove-Albion,Forward,Ireland,20,8,12,4,43,16,0,1,161,0,0,0,17,16
Florin Andone,21,Brighton-and-Hove-Albion,Forward,Romania,27,5,14,4,20,9,0,0,177,0,5,1,30,4
Viktor Gyökeres,42,Brighton-and-Hove-Albion,Forward,Sweden,22,0,0,0,0,0,0,0,0,0,0,0,0,0
Nick Pope,1,Burnley,Goalkeeper,England,28,28,26,0,0,0,26,0,2124,237,4,0,1,0
Bailey Peacock-Farrell,15,Burnley,Goalkeeper,Northern Ireland,23,0,0,0,0,0,0,0,0,0,0,0,0,0
Will Norris,25,Burnley,Goalkeeper,England,27,1,0,0,0,0,0,0,0,0,0,0,0,0
Matthew Lowton,2,Burnley,Defender,England,31,49,83,2,0,0,36,12,5463,0,35,0,144,1
Charlie Taylor,3,Burnley,Defender,England,27,23,33,0,0,0,19,2,2249,0,8,0,39,3
James Tarkowski,5,Burnley,Defender,England,27,48,50,5,0,0,34,3,3839,0,24,0,119,12
Ben Mee,6,Burnley,Defender,England,31,49,77,4,0,0,47,4,6088,0,36,0,118,6
Erik Pieters,23,Burnley,Defender,Netherlands,32,61,79,1,0,0,44,11,6880,0,34,0,300,5
Phil Bardsley,26,Burnley,Defender,Scotland,35,100,130,7,0,0,67,5,9247,0,78,2,327,5
Kevin Long,28,Burnley,Defender,Ireland,30,8,14,1,0,0,7,3,1038,0,1,0,28,1
Jimmy Dunne,34,Burnley,Defender,Ireland,22,0,1,1,0,0,0,0,25,0,0,0,1,0
Bobby Thomas,37,Burnley,Defender,England,19,0,0,0,0,0,0,0,0,0,0,0,0,0
Anthony Driscoll-Glennon,45,Burnley,Defender,England,20,0,0,0,0,0,0,0,0,0,0,0,0,0
Jack Cork,4,Burnley,Midfielder,England,31,96,105,8,137,42,0,9,11059,0,32,0,211,13
Jóhann Gudmundsson,7,Burnley,Midfielder,Iceland,29,28,44,7,114,37,0,17,1750,0,5,0,41,6
Josh Brownhill,8,Burnley,Midfielder,England,24,5,3,0,8,0,0,0,368,0,2,0,8,0
Dwight McNeil,11,Burnley,Midfielder,England,20,23,25,5,75,20,0,12,1509,0,7,0,45,1
Robbie Brady,12,Burnley,Midfielder,Ireland,28,37,77,9,155,42,0,12,3280,0,15,1,117,13
Ashley Westwood,18,Burnley,Midfielder,England,30,65,106,9,137,34,0,25,9880,0,38,0,195,2
Josh Benson,41,Burnley,Midfielder,England,20,0,0,0,0,0,0,0,0,0,0,0,0,0
Chris Wood,9,Burnley,Forward,New Zealand,28,35,43,36,172,81,0,4,1535,0,4,0,84,117
Ashley Barnes,10,Burnley,Forward,England,30,45,71,38,276,104,0,6,2475,0,32,2,269,92
Jay Rodriguez,19,Burnley,Forward,England,31,53,71,41,378,140,0,12,2835,0,11,0,156,99
Matej Vydra,27,Burnley,Forward,Czech Republic,28,11,30,6,37,20,0,5,359,0,1,0,9,10
Kepa Arrizabalaga,1,Chelsea,Goalkeeper,Spain,25,39,20,0,0,0,22,0,2006,142,2,0,0,0
Willy Caballero,13,Chelsea,Goalkeeper,Argentina,38,19,5,0,0,0,11,0,798,72,0,0,0,0
Antonio Rüdiger,2,Chelsea,Defender,Germany,27,45,21,5,0,0,28,1,5738,0,14,0,73,3
Marcos Alonso,3,Chelsea,Defender,Spain,29,87,32,20,0,0,52,12,6434,0,25,1,125,16
Andreas Christensen,4,Chelsea,Defender,Denmark,24,29,18,0,0,0,12,0,3213,0,6,1,35,1
Kurt Zouma,15,Chelsea,Defender,France,25,60,49,5,0,0,35,4,5767,0,10,1,87,6
Reece James,24,Chelsea,Defender,England,20,15,8,1,0,0,4,3,1104,0,1,0,24,1
César Azpilicueta,28,Chelsea,Defender,Spain,31,158,56,8,0,0,95,31,15647,0,23,1,240,10
Fikayo Tomori,14,Chelsea,Defender,England,22,9,5,1,0,0,4,0,1193,0,3,0,8,1
Emerson,33,Chelsea,Defender,Italy,26,11,14,0,0,0,4,1,1285,0,3,0,15,2
Ben Chilwell,21,Chelsea,Defender,England,23,40,36,4,0,0,24,9,4540,0,10,1,81,8
Thiago Silva,6,Chelsea,Defender,Brazil,36,0,0,0,0,0,0,0,0,0,0,0,0,0
Juan Castillo,0,Chelsea,Defender,Netherlands,20,0,0,0,0,0,0,0,0,0,0,0,0,0
Hakim Ziyech,22,Chelsea,Midfielder,Morocco,27,0,0,0,0,0,0,0,0,0,0,0,0,0
Jorginho,5,Chelsea,Midfielder,Italy,28,37,18,7,33,13,0,3,5482,0,18,0,63,0
N'Golo Kanté,7,Chelsea,Midfielder,France,29,98,35,10,120,29,0,10,8952,0,22,0,218,7
Ross Barkley,8,Chelsea,Midfielder,England,26,91,59,25,411,119,0,27,7686,0,18,0,155,19
Ruben Loftus-Cheek,12,Chelsea,Midfielder,England,24,35,22,9,78,19,0,6,1854,0,1,0,39,6
Mateo Kovacic,17,Chelsea,Midfielder,Croatia,26,34,16,1,49,9,0,5,3398,0,11,0,40,0
Mason Mount,19,Chelsea,Midfielder,England,21,20,13,7,80,29,0,5,1312,0,3,0,40,4
Christian Pulisic,10,Chelsea,Midfielder,United States,22,13,9,9,63,26,0,4,668,0,0,0,14,3
Billy Gilmour,23,Chelsea,Midfielder,Scotland,19,5,0,0,1,0,0,0,172,0,0,0,3,0
Kai Havertz,29,Chelsea,Midfielder,Germany,21,1,1,0,0,0,0,0,41,0,0,0,2,1
Timo Werner,11,Chelsea,Forward,Germany,24,1,1,0,6,1,0,0,49,0,0,0,3,2
Tammy Abraham,9,Chelsea,Forward,England,22,25,29,20,133,56,0,4,721,0,2,0,35,35
Olivier Giroud,18,Chelsea,Forward,France,33,133,56,86,548,212,0,28,4718,0,18,2,223,120
Callum Hudson-Odoi,20,Chelsea,Forward,England,19,18,12,1,29,8,0,6,641,0,1,0,12,6
Wayne Hennessey,13,Crystal-Palace,Goalkeeper,Wales,33,47,94,0,0,0,37,1,4858,617,4,0,1,0
Vicente Guaita,31,Crystal-Palace,Goalkeeper,Spain,33,23,21,0,0,0,18,0,1428,182,3,0,1,0
Stephen Henderson,19,Crystal-Palace,Goalkeeper,Ireland,32,0,0,0,0,0,0,0,0,0,0,0,0,0
Nathan Ferguson,0,Crystal-Palace,Defender,England,19,0,0,0,0,0,0,0,0,0,0,0,0,0
Joel Ward,2,Crystal-Palace,Defender,England,30,66,95,4,0,0,45,5,6449,0,28,0,202,4
Patrick van Aanholt,3,Crystal-Palace,Defender,Netherlands,30,57,92,20,0,0,40,14,6833,0,19,0,94,27
James Tomkins,5,Crystal-Palace,Defender,England,31,84,116,12,0,0,58,7,8210,0,46,2,167,7
Scott Dann,6,Crystal-Palace,Defender,England,33,74,95,15,0,0,48,11,6399,0,34,0,145,10
Mamadou Sakho,12,Crystal-Palace,Defender,France,30,52,43,3,0,0,32,2,5917,0,6,1,39,1
Gary Cahill,24,Crystal-Palace,Defender,England,34,166,126,27,0,0,99,10,12718,0,38,3,266,3
Martin Kelly,34,Crystal-Palace,Defender,England,30,55,62,0,0,0,29,5,3820,0,14,0,117,1
Tyrick Mitchell,27,Crystal-Palace,Defender,England,21,2,3,0,0,0,1,0,132,0,1,0,2,0
Jaroslaw Jach,33,Crystal-Palace,Defender,Poland,26,0,0,0,0,0,0,0,0,0,0,0,0,0
Sam Woods,35,Crystal-Palace,Defender,England,22,0,0,0,0,0,0,0,0,0,0,0,0,0
Ryan Inniss,45,Crystal-Palace,Defender,England,25,0,0,0,0,0,0,0,0,0,0,0,0,0
Luka Milivojevic,4,Crystal-Palace,Midfielder,Serbia,29,41,53,27,144,55,0,4,5573,0,34,0,207,2
Max Meyer,7,Crystal-Palace,Midfielder,Germany,25,11,24,1,47,10,0,2,864,0,4,0,16,3
Cheikhou Kouyaté,8,Crystal-Palace,Midfielder,Senegal,30,64,76,13,167,54,0,10,5799,0,25,1,242,16
Andros Townsend,10,Crystal-Palace,Midfielder,England,29,78,91,22,335,103,0,22,4717,0,14,0,78,22
Jeffrey Schlupp,15,Crystal-Palace,Midfielder,Ghana,27,56,61,11,0,0,17,8,3156,0,15,0,109,3
James McArthur,18,Crystal-Palace,Midfielder,Scotland,32,93,126,23,214,64,0,18,10076,0,45,0,370,13
James McCarthy,22,Crystal-Palace,Midfielder,Ireland,29,87,102,13,178,47,0,12,10840,0,48,1,309,2
Jairo Riedewald,44,Crystal-Palace,Midfielder,Netherlands,24,8,13,0,4,0,0,0,484,0,0,0,6,0
Eberechi Eze,25,Crystal-Palace,Midfielder,England,22,2,0,0,0,0,0,0,14,0,0,0,0,0
Nya Kirby,37,Crystal-Palace,Midfielder,England,20,0,0,0,0,0,0,0,0,0,0,0,0,0
Jordan Ayew,9,Crystal-Palace,Forward,Ghana,29,37,71,25,226,78,0,9,2968,0,18,2,222,44
Wilfried Zaha,11,Crystal-Palace,Forward,Cote D'Ivoire,27,70,94,39,336,119,0,24,4555,0,33,1,287,79
Christian Benteke,17,Crystal-Palace,Forward,Belgium,29,73,107,72,544,208,0,20,5666,0,35,3,357,203
Connor Wickham,21,Crystal-Palace,Forward,England,27,29,59,19,189,59,0,7,2003,0,11,0,147,26
Brandon Pierrick,40,Crystal-Palace,Forward,England,18,0,1,0,0,0,0,0,7,0,0,0,0,0
Michy Batshuayi,23,Crystal-Palace,Forward,Belgium,26,37,15,13,73,25,0,3,421,0,0,0,24,29
Jordan Pickford,1,Everton,Goalkeeper,England,26,48,65,0,0,0,38,0,4553,462,3,0,3,0
João Virgínia,31,Everton,Goalkeeper,Portugal,20,0,0,0,0,0,0,0,0,0,0,0,0,0
Jonas Lössl,49,Everton,Goalkeeper,Denmark,31,12,41,0,0,0,14,2,2290,191,2,0,0,0
Mason Holgate,4,Everton,Defender,England,23,28,16,0,0,0,14,4,2429,0,11,0,43,3
Michael Keane,5,Everton,Defender,England,27,53,64,6,0,0,40,5,6162,0,13,0,82,5
Lucas Digne,12,Everton,Defender,France,27,28,27,4,0,0,20,12,2961,0,11,1,83,5
Yerry Mina,13,Everton,Defender,Colombia,26,17,16,3,0,0,8,1,2052,0,6,0,33,3
Séamus Coleman,23,Everton,Defender,Ireland,31,114,79,20,0,0,78,21,8930,0,29,2,194,29
Jarrad Branthwaite,32,Everton,Defender,England,18,1,2,0,0,0,1,0,223,0,0,0,4,0
Jonjoe Kenny,2,Everton,Defender,England,23,11,15,0,0,0,6,2,1045,0,3,0,28,0
Niels Nkounkou,18,Everton,Defender,France,19,0,0,0,0,0,0,0,0,0,0,0,0,0
Fabian Delph,8,Everton,Midfielder,England,30,76,73,7,144,36,0,8,8857,0,29,3,140,1
Gylfi Sigurdsson,10,Everton,Midfielder,Iceland,31,114,110,61,603,221,0,45,7752,0,20,0,193,16
André Gomes,21,Everton,Midfielder,Portugal,27,18,19,1,27,5,0,2,2169,0,13,0,89,0
Jean-Philippe Gbamin,25,Everton,Midfielder,Cote D'Ivoire,24,1,0,0,0,0,0,0,70,0,0,0,2,0
Tom Davies,26,Everton,Midfielder,England,22,46,34,5,60,15,0,4,2909,0,22,0,116,9
Beni Baningime,34,Everton,Midfielder,The Democratic Republic Of Congo,22,2,2,0,0,0,0,0,82,0,1,0,4,0
Allan,6,Everton,Midfielder,Brazil,29,2,0,0,1,1,0,0,140,0,0,0,4,0
James Rodríguez,19,Everton,Midfielder,Colombia,29,2,0,1,4,1,0,1,109,0,0,0,1,0
Abdoulaye Doucouré,16,Everton,Midfielder,France,27,40,65,17,182,54,0,11,6811,0,31,0,145,10
Muhamed Besic,30,Everton,Midfielder,Bosnia And Herzegovina,28,14,17,0,26,7,0,0,1339,0,11,0,42,0
Sandro Ramírez,28,Everton,Forward,Spain,25,2,4,0,9,1,0,0,82,0,0,0,1,1
Yannick Bolasie,29,Everton,Forward,The Democratic Republic Of Congo,31,38,51,11,219,72,0,17,2124,0,9,1,140,46
Richarlison,7,Everton,Forward,Brazil,23,41,47,31,280,85,0,10,2452,0,17,1,114,56
Dominic Calvert-Lewin,9,Everton,Forward,England,23,43,46,28,195,77,0,9,1588,0,17,0,138,36
Theo Walcott,11,Everton,Forward,England,31,176,93,75,616,267,0,51,5491,0,10,0,101,163
Cenk Tosun,14,Everton,Forward,Turkey,29,14,19,10,71,30,0,3,619,0,3,0,50,19
Alex Iwobi,17,Everton,Forward,Nigeria,24,59,41,12,157,65,0,16,3921,0,2,0,42,6
Bernard,20,Everton,Forward,Brazil,28,23,23,4,35,10,0,5,1346,0,7,0,36,2
Moise Kean,27,Everton,Forward,Italy,20,9,13,2,31,13,0,2,131,0,1,0,28,4
Anthony Gordon,24,Everton,Forward,England,19,3,4,0,6,1,0,1,113,0,0,0,10,1
Marek Rodák,12,Fulham,Goalkeeper,Slovakia,23,0,1,0,0,0,0,0,25,2,0,0,0,0
Fabri,31,Fulham,Goalkeeper,Spain,32,0,2,0,0,0,0,0,47,16,0,0,0,0
Alphonse Areola,1,Fulham,Goalkeeper,France,27,0,1,0,0,0,0,0,29,3,0,0,0,0
Michael Hector,3,Fulham,Defender,Jamaica,28,0,2,0,0,0,0,0,127,0,1,0,3,0
Denis Odoi,4,Fulham,Defender,Belgium,32,7,21,0,0,0,3,1,1434,0,4,0,39,1
Tim Ream,13,Fulham,Defender,United States,32,9,24,0,0,0,5,1,1517,0,2,0,16,0
Maxime Le Marchand,20,Fulham,Defender,France,30,7,17,0,0,0,3,1,1386,0,5,0,28,3
Joe Bryan,23,Fulham,Defender,England,27,6,21,0,0,0,5,1,1036,0,5,0,27,2
Antonee Robinson,33,Fulham,Defender,United States,23,0,0,0,0,0,0,0,0,0,0,0,0,0
Kenny Tete,2,Fulham,Defender,Netherlands,24,0,1,0,0,0,0,1,27,0,1,0,3,0
Ola Aina,34,Fulham,Defender,Nigeria,23,3,0,0,0,0,0,0,16,0,0,0,0,0
Jean Michael Seri,24,Fulham,Midfielder,Cote D'Ivoire,29,6,21,1,19,6,0,2,1592,0,6,0,32,1
Kevin McDonald,6,Fulham,Midfielder,Scotland,31,3,29,1,19,3,0,1,1285,0,9,1,33,2
Neeskens Kebano,7,Fulham,Midfielder,The Democratic Republic Of Congo,28,0,9,0,0,0,0,0,57,0,0,0,3,1
Stefan Johansen,8,Fulham,Midfielder,Norway,29,1,9,0,1,0,0,0,250,0,4,0,6,0
Tom Cairney,10,Fulham,Midfielder,Scotland,29,7,28,2,33,7,0,1,1882,0,2,0,22,0
Josh Onomah,25,Fulham,Midfielder,England,23,8,4,0,4,2,0,0,109,0,0,0,4,1
André-Frank Zambo Anguissa,29,Fulham,Midfielder,Cameroon,24,4,18,0,22,5,0,1,1113,0,1,1,26,2
Mario Lemina,18,Fulham,Midfielder,Gabon,27,8,22,2,48,10,0,2,1787,0,7,0,60,3
Harrison Reed,21,Fulham,Midfielder,England,25,9,5,0,6,3,0,0,419,0,0,0,8,0
Tyrese Francois,35,Fulham,Midfielder,Australia,20,0,0,0,0,0,0,0,0,0,0,0,0,0
Aleksandar Mitrovic,9,Fulham,Forward,Serbia,26,17,46,23,221,85,0,7,1841,0,12,2,117,51
Bobby De Cordova-Reid,14,Fulham,Forward,Jamaica,27,7,19,6,29,10,0,2,324,0,0,0,6,11
Ivan Cavaleiro,17,Fulham,Forward,Portugal,26,10,11,3,13,4,0,1,357,0,1,0,15,6
Aboubakar Kamara,47,Fulham,Forward,France,25,2,10,3,22,10,0,0,262,0,2,0,26,7
Kiko Casilla,13,Leeds-United,Goalkeeper,Spain,33,0,0,0,0,0,0,0,0,0,0,0,0,0
Elia Caprile,25,Leeds-United,Goalkeeper,Italy,19,0,0,0,0,0,0,0,0,0,0,0,0,0
Luke Ayling,2,Leeds-United,Defender,England,29,1,1,0,0,0,0,0,108,0,0,0,1,0
Barry Douglas,3,Leeds-United,Defender,Scotland,31,0,0,0,0,0,0,0,0,0,0,0,0,0
Liam Cooper,6,Leeds-United,Defender,Scotland,29,1,2,0,0,0,0,0,70,0,0,0,1,0
Pascal Struijk,21,Leeds-United,Defender,Netherlands,21,0,1,0,0,0,0,0,59,0,0,0,0,0
Leif Davis,24,Leeds-United,Defender,England,20,0,0,0,0,0,0,0,0,0,0,0,0,0
Robin Koch,5,Leeds-United,Defender,Germany,24,1,1,0,0,0,0,0,107,0,0,0,3,0
Oliver Casey,49,Leeds-United,Defender,England,19,0,0,0,0,0,0,0,0,0,0,0,0,0
Charlie Cresswell,35,Leeds-United,Defender,England,17,0,0,0,0,0,0,0,0,0,0,0,0,0
Robbie Gotts,36,Leeds-United,Defender,England,20,0,0,0,0,0,0,0,0,0,0,0,0,0
Adam Forshaw,4,Leeds-United,Midfielder,England,28,6,16,0,28,6,0,1,1355,0,4,0,33,1
Ezgjan Alioski,10,Leeds-United,Midfielder,0,0,1,0,0,1,1,0,0,11,0,0,0,1,0
Stuart Dallas,15,Leeds-United,Midfielder,Northern Ireland,29,1,1,0,0,0,0,0,101,0,0,0,0,0
Pablo Hernández,19,Leeds-United,Midfielder,Spain,35,15,26,5,78,21,0,13,2341,0,5,0,29,10
Kalvin Phillips,23,Leeds-United,Midfielder,England,24,1,1,0,1,0,0,1,92,0,0,0,0,0
Mateusz Klich,43,Leeds-United,Midfielder,Poland,30,1,1,2,2,2,0,1,92,0,1,0,5,1
Jamie Shackleton,46,Leeds-United,Midfielder,England,20,0,1,0,0,0,0,0,3,0,0,0,0,0
Jack Harrison,22,Leeds-United,Midfielder,England,23,1,1,1,3,1,0,0,47,0,0,0,1,3
Alfie McCalmont,38,Leeds-United,Midfielder,Northern Ireland,20,0,0,0,0,0,0,0,0,0,0,0,0,0
Mateusz Bogusz,44,Leeds-United,Midfielder,Poland,19,0,0,0,0,0,0,0,0,0,0,0,0,0
Ian Poveda-Ocampo,7,Leeds-United,Forward,England,20,0,0,0,0,0,0,0,0,0,0,0,0,0
Patrick Bamford,9,Leeds-United,Forward,England,27,4,20,3,20,9,0,1,193,0,1,0,23,7
Tyler Roberts,11,Leeds-United,Forward,Wales,21,1,1,0,2,1,0,0,33,0,1,0,3,0
Joe Gelhardt,30,Leeds-United,Forward,England,18,0,0,0,0,0,0,0,0,0,0,0,0,0
Rodrigo Moreno,20,Leeds-United,Forward,Spain,29,4,12,1,20,5,0,1,190,0,0,0,9,2
Kasper Schmeichel,1,Leicester-City,Goalkeeper,Denmark,33,91,69,0,0,0,65,0,6198,599,11,0,0,0
Danny Ward,12,Leicester-City,Goalkeeper,Wales,27,1,1,0,0,0,0,0,49,9,0,0,0,0
Eldin Jakupovic,35,Leicester-City,Goalkeeper,Switzerland,35,9,13,0,0,0,6,0,769,94,0,0,0,0
James Justin,2,Leicester-City,Defender,England,22,8,4,1,0,0,5,1,792,0,2,0,11,1
Çaglar Söyüncü,4,Leicester-City,Defender,Turkey,24,20,11,1,0,0,13,1,2696,0,5,1,39,1
Wes Morgan,5,Leicester-City,Defender,Jamaica,36,70,60,8,0,0,41,2,4435,0,12,3,129,5
Jonny Evans,6,Leicester-City,Defender,Northern Ireland,32,145,86,11,0,0,82,9,13240,0,44,3,239,3
Filip Benkovic,16,Leicester-City,Defender,Croatia,23,0,0,0,0,0,0,0,0,0,0,0,0,0
Daniel Amartey,18,Leicester-City,Defender,Ghana,25,17,19,1,0,0,8,1,1469,0,5,1,41,1
Ricardo Pereira,21,Leicester-City,Defender,Portugal,26,29,24,5,0,0,20,8,3104,0,8,0,86,2
Christian Fuchs,28,Leicester-City,Defender,Austria,34,48,32,2,0,0,29,9,4051,0,15,0,79,2
Luke Thomas,33,Leicester-City,Defender,England,19,1,2,0,0,0,1,1,153,0,0,0,1,0
Timothy Castagne,27,Leicester-City,Defender,Belgium,24,2,0,1,0,0,1,1,128,0,0,0,1,0
Demarai Gray,7,Leicester-City,Midfielder,England,24,53,50,10,138,47,0,9,1920,0,7,0,36,12
Youri Tielemans,8,Leicester-City,Midfielder,Belgium,23,25,17,6,89,27,0,10,2594,0,4,0,43,1
James Maddison,10,Leicester-City,Midfielder,England,23,31,25,13,157,46,0,10,2913,0,7,1,62,6
Marc Albrighton,11,Leicester-City,Midfielder,England,30,91,94,17,220,70,0,37,5597,0,32,1,167,17
Harvey Barnes,15,Leicester-City,Midfielder,England,22,26,21,8,112,43,0,11,1083,0,0,0,30,6
Hamza Choudhury,20,Leicester-City,Midfielder,England,22,16,13,1,13,4,0,2,900,0,3,1,24,0
Matty James,22,Leicester-City,Midfielder,England,29,12,21,0,38,8,0,1,1260,0,4,1,34,0
Adrien Silva,23,Leicester-City,Midfielder,Portugal,31,4,7,0,11,2,0,1,512,0,3,0,9,0
Wilfred Ndidi,25,Leicester-City,Midfielder,Nigeria,23,52,44,6,153,24,0,5,6181,0,20,2,189,5
Dennis Praet,26,Leicester-City,Midfielder,Belgium,26,13,11,2,21,5,0,3,604,0,2,0,20,1
Rachid Ghezzal,31,Leicester-City,Midfielder,Algeria,28,5,12,1,19,5,0,0,422,0,3,0,13,0
Nampalys Mendy,24,Leicester-City,Midfielder,France,28,20,16,0,3,1,0,0,1559,0,7,0,34,0
Cengiz Ünder,0,Leicester-City,Midfielder,Turkey,23,0,0,0,0,0,0,0,0,0,0,0,0,0
Jamie Vardy,9,Leicester-City,Forward,England,33,86,77,105,458,223,0,29,2961,0,20,3,179,195
Islam Slimani,13,Leicester-City,Forward,Algeria,32,14,18,8,42,17,0,5,580,0,2,0,30,15
Kelechi Iheanacho,14,Leicester-City,Forward,Nigeria,23,42,45,21,133,56,0,13,1327,0,6,0,80,30
Ayoze Pérez,17,Leicester-City,Forward,Spain,27,58,79,41,275,114,0,13,3435,0,9,0,182,46
Fousseni Diabaté,27,Leicester-City,Forward,Mali,24,3,7,0,6,2,0,1,241,0,1,0,1,2
Loris Karius,22,Liverpool,Goalkeeper,Germany,27,17,4,0,0,0,13,0,789,51,1,0,2,0
Alisson,1,Liverpool,Goalkeeper,Brazil,27,55,4,0,0,0,35,1,1924,137,1,1,1,0
Adrián,13,Liverpool,Goalkeeper,Spain,33,56,44,0,0,0,37,0,3401,454,10,2,5,0
Caoimhin Kelleher,62,Liverpool,Goalkeeper,Ireland,21,0,0,0,0,0,0,0,0,0,0,0,0,0
Kamil Grabara,73,Liverpool,Goalkeeper,Poland,21,0,0,0,0,0,0,0,0,0,0,0,0,0
Virgil van Dijk,4,Liverpool,Defender,Netherlands,29,98,30,14,0,0,61,3,10554,0,8,1,88,4
Joseph Gomez,12,Liverpool,Defender,England,23,52,6,0,0,0,31,3,4387,0,15,0,58,1
Andrew Robertson,26,Liverpool,Defender,Scotland,26,86,36,4,0,0,44,33,8312,0,20,0,80,11
Joel Matip,32,Liverpool,Defender,Cameroon,29,58,7,4,0,0,29,0,5249,0,9,0,52,1
Trent Alexander-Arnold,66,Liverpool,Defender,England,21,74,8,6,0,0,31,26,5323,0,11,0,50,10
Neco Williams,76,Liverpool,Defender,Wales,19,4,1,0,0,0,0,0,167,0,1,0,5,0
Konstantinos Tsimikas,21,Liverpool,Defender,Greece,24,0,0,0,0,0,0,0,0,0,0,0,0,0
Nathaniel Phillips,47,Liverpool,Defender,England,23,0,0,0,0,0,0,0,0,0,0,0,0,0
Sepp van den Berg,72,Liverpool,Defender,Netherlands,18,0,0,0,0,0,0,0,0,0,0,0,0,0
Fabinho,3,Liverpool,Midfielder,Brazil,26,46,4,3,29,8,0,5,3291,0,12,0,63,0
Georginio Wijnaldum,5,Liverpool,Midfielder,Netherlands,29,111,32,25,224,86,0,16,7603,0,7,0,84,15
James Milner,7,Liverpool,Midfielder,England,34,272,133,55,496,151,0,84,16171,0,65,3,438,45
Naby Keita,8,Liverpool,Midfielder,Guinea,25,36,2,4,40,17,0,4,1760,0,1,0,35,1
Jordan Henderson,14,Liverpool,Midfielder,England,30,185,79,30,344,99,0,46,17932,0,34,2,299,29
Alex Oxlade-Chamberlain,15,Liverpool,Midfielder,England,27,114,41,16,237,65,0,22,4570,0,10,0,104,13
Marko Grujic,16,Liverpool,Midfielder,Serbia,24,4,3,0,4,2,0,0,47,0,1,0,2,0
Curtis Jones,17,Liverpool,Midfielder,England,19,6,0,1,6,2,0,0,143,0,0,0,4,0
Harry Wilson,59,Liverpool,Midfielder,Wales,23,7,19,7,56,20,0,0,575,0,2,0,12,1
Harvey Elliott,67,Liverpool,Midfielder,England,17,2,2,0,1,1,0,0,22,0,0,0,0,0
Xherdan Shaqiri,23,Liverpool,Midfielder,Switzerland,28,49,37,22,187,64,0,18,3039,0,12,0,79,30
Thiago,6,Liverpool,Midfielder,Spain,29,1,0,0,1,0,0,0,82,0,0,0,3,0
Roberto Firmino,9,Liverpool,Forward,Brazil,28,115,23,57,424,182,0,36,6222,0,8,0,206,60
Sadio Mané,10,Liverpool,Forward,Senegal,28,121,35,86,445,190,0,29,6136,0,21,3,215,117
Mohamed Salah,11,Liverpool,Forward,Egypt,28,90,12,78,449,201,0,29,3357,0,4,0,63,65
Takumi Minamino,18,Liverpool,Forward,Japan,25,7,3,0,8,2,0,0,107,0,0,0,7,0
Rhian Brewster,24,Liverpool,Forward,England,20,0,0,0,0,0,0,0,0,0,0,0,0,0
Divock Origi,27,Liverpool,Forward,Belgium,25,57,14,19,89,39,0,6,861,0,1,0,47,26
Ben Woodburn,58,Liverpool,Forward,Wales,20,5,1,0,2,0,0,0,40,0,0,0,2,0
Diogo Jota,20,Liverpool,Forward,Portugal,23,27,19,16,127,50,0,6,1585,0,15,0,84,9
Ederson,31,Manchester-City,Goalkeeper,Brazil,27,87,14,0,0,0,52,1,2781,184,6,1,4,0
Scott Carson,33,Manchester-City,Goalkeeper,England,35,44,66,0,0,0,30,2,2722,433,6,1,4,0
Zack Steffen,0,Manchester-City,Goalkeeper,United States,25,0,0,0,0,0,0,0,0,0,0,0,0,0
Nathan Aké,6,Manchester-City,Defender,Netherlands,25,52,67,12,0,0,30,6,5634,0,15,1,97,7
Kyle Walker,2,Manchester-City,Defender,England,30,183,50,7,0,0,99,29,15694,0,45,1,239,22
John Stones,5,Manchester-City,Defender,England,26,90,39,1,0,0,43,0,8950,0,7,0,45,3
Oleksandr Zinchenko,11,Manchester-City,Defender,Ukraine,23,34,6,0,28,6,0,3,3066,0,2,1,35,4
Aymeric Laporte,14,Manchester-City,Defender,France,26,50,6,4,0,0,25,3,4957,0,5,0,40,2
Benjamin Mendy,22,Manchester-City,Defender,France,26,29,3,0,0,0,11,8,1999,0,7,0,32,1
João Cancelo,27,Manchester-City,Defender,Portugal,26,12,4,0,0,0,5,0,1010,0,4,0,17,0
Nicolás Otamendi,30,Manchester-City,Defender,Argentina,32,94,22,8,0,0,49,1,9366,0,31,0,118,1
Eric García,50,Manchester-City,Defender,Spain,19,11,2,0,0,0,3,0,728,0,1,0,9,0
Patrick Roberts,0,Manchester-City,Midfielder,England,23,0,6,0,0,0,0,0,30,0,1,0,2,0
Ilkay Gündogan,8,Manchester-City,Midfielder,Germany,29,75,17,15,127,34,0,6,5854,0,13,0,45,2
Rodrigo,16,Manchester-City,Midfielder,Spain,24,25,8,3,25,9,0,2,2673,0,9,0,45,0
Kevin De Bruyne,17,Manchester-City,Midfielder,Belgium,29,109,22,37,367,133,0,67,8407,0,14,0,122,16
Bernardo Silva,20,Manchester-City,Midfielder,Portugal,26,81,15,19,139,51,0,18,4015,0,8,0,63,4
Fernandinho,25,Manchester-City,Midfielder,Brazil,35,156,36,18,217,63,0,16,14806,0,46,4,324,4
Phil Foden,47,Manchester-City,Midfielder,England,20,38,3,7,50,22,0,3,819,0,0,0,17,1
Tommy Doyle,69,Manchester-City,Midfielder,England,18,1,0,0,1,1,0,0,20,0,0,0,0,0
Adrián Bernabé,82,Manchester-City,Midfielder,Spain,19,0,0,0,0,0,0,0,0,0,0,0,0,0
Ferran Torres,21,Manchester-City,Forward,Spain,20,1,0,0,0,0,0,0,1,0,0,0,0,0
Raheem Sterling,7,Manchester-City,Forward,England,25,161,55,86,545,222,0,45,8317,0,28,1,297,95
Gabriel Jesus,9,Manchester-City,Forward,Brazil,23,80,12,42,227,122,0,17,1830,0,13,0,79,59
Sergio Agüero,10,Manchester-City,Forward,Argentina,32,177,44,180,996,411,0,46,6134,0,23,1,167,194
Riyad Mahrez,26,Manchester-City,Forward,Algeria,29,98,58,57,426,185,0,40,6019,0,7,0,117,45
Liam Delap,48,Manchester-City,Forward,England,17,0,0,0,0,0,0,0,0,0,0,0,0,0
David de Gea,1,Manchester-United,Goalkeeper,Spain,29,174,66,0,0,0,113,0,7009,870,6,0,1,0
Lee Grant,0,Manchester-United,Goalkeeper,England,37,10,12,0,0,0,9,0,959,99,1,0,0,0
Sergio Romero,22,Manchester-United,Goalkeeper,Argentina,33,4,1,0,0,0,6,0,181,20,0,0,0,0
Dean Henderson,26,Manchester-United,Goalkeeper,England,23,14,11,0,0,0,13,0,934,97,2,0,0,0
Victor Lindelöf,2,Manchester-United,Defender,Sweden,26,41,19,2,0,0,23,1,4419,0,8,0,53,0
Eric Bailly,3,Manchester-United,Defender,Cote D'Ivoire,26,35,7,1,0,0,21,0,1682,0,6,1,45,0
Phil Jones,4,Manchester-United,Defender,England,28,104,44,2,0,0,60,6,7835,0,27,0,155,3
Harry Maguire,5,Manchester-United,Defender,England,27,50,58,8,0,0,32,7,7325,0,26,1,117,17
Chris Smalling,12,Manchester-United,Defender,England,30,122,56,12,0,0,66,2,8092,0,18,1,192,14
Marcos Rojo,16,Manchester-United,Defender,Argentina,30,45,10,1,0,0,21,1,3503,0,23,0,81,2
Diogo Dalot,20,Manchester-United,Defender,Portugal,21,9,7,0,0,0,1,2,474,0,3,0,13,2
Luke Shaw,23,Manchester-United,Defender,England,25,68,39,1,0,0,43,7,6663,0,29,1,138,7
Timothy Fosu-Mensah,24,Manchester-United,Defender,Netherlands,22,17,23,0,0,0,5,1,1316,0,8,0,36,2
Aaron Wan-Bissaka,29,Manchester-United,Defender,England,22,32,26,0,0,0,25,7,3019,0,13,1,46,3
Axel Tuanzebe,38,Manchester-United,Defender,England,22,4,3,0,0,0,1,0,279,0,0,0,9,0
Brandon Williams,33,Manchester-United,Defender,England,20,8,3,1,0,0,4,0,551,0,6,0,13,1
Teden Mengi,71,Manchester-United,Defender,England,18,0,0,0,0,0,0,0,0,0,0,0,0,0
Paul Pogba,6,Manchester-United,Midfielder,France,27,63,18,25,301,110,0,26,7139,0,19,1,190,13
Juan Mata,8,Manchester-United,Midfielder,Spain,32,136,61,51,362,133,0,52,11379,0,19,1,134,102
Jesse Lingard,14,Manchester-United,Midfielder,England,27,68,31,18,178,69,0,10,3536,0,15,0,140,20
Andreas Pereira,15,Manchester-United,Midfielder,Brazil,24,21,13,2,45,16,0,4,1111,0,10,0,42,4
Fred,17,Manchester-United,Midfielder,Brazil,27,22,14,1,57,12,0,1,2437,0,10,0,67,2
Bruno Fernandes,18,Manchester-United,Midfielder,Portugal,26,9,1,8,47,19,0,7,871,0,2,0,10,2
Daniel James,21,Manchester-United,Midfielder,Wales,22,15,9,3,43,20,0,6,722,0,4,0,14,2
Nemanja Matic,31,Manchester-United,Midfielder,Serbia,32,127,36,6,134,35,0,19,12463,0,36,3,234,14
Scott McTominay,39,Manchester-United,Midfielder,Scotland,23,33,13,6,48,17,0,1,1926,0,6,0,59,1
Donny van de Beek,34,Manchester-United,Midfielder,Netherlands,23,0,1,1,1,1,0,0,22,0,0,0,0,0
Anthony Martial,9,Manchester-United,Forward,France,24,73,37,51,268,122,0,23,3712,0,8,0,125,49
Marcus Rashford,10,Manchester-United,Forward,England,22,76,28,44,301,130,0,21,2979,0,12,1,90,52
Odion Ighalo,25,Manchester-United,Forward,Nigeria,31,23,27,16,153,62,0,4,1045,0,5,0,65,37
Mason Greenwood,11,Manchester-United,Forward,England,18,14,10,10,49,24,0,1,577,0,0,0,12,5
Mark Gillespie,29,Newcastle-United,Goalkeeper,England,28,0,0,0,0,0,0,0,0,0,0,0,0,0
Martin Dubravka,1,Newcastle-United,Goalkeeper,Slovakia,31,29,38,0,0,0,26,0,2318,261,1,0,0,0
Karl Darlow,26,Newcastle-United,Goalkeeper,England,29,5,8,0,0,0,6,0,554,65,0,0,0,0
Daniel Langley,41,Newcastle-United,Goalkeeper,England,19,0,0,0,0,0,0,0,0,0,0,0,0,0
Ciaran Clark,2,Newcastle-United,Defender,Ireland,30,45,85,14,0,0,29,5,5675,0,47,2,171,2
Paul Dummett,3,Newcastle-United,Defender,Wales,28,42,56,2,0,0,27,0,3814,0,12,1,58,1
Fabian Schär,5,Newcastle-United,Defender,Switzerland,28,17,21,6,0,0,11,1,1755,0,17,0,57,3
Jamaal Lascelles,6,Newcastle-United,Defender,England,26,34,48,6,0,0,30,1,3699,0,16,1,69,3
Emil Krafth,17,Newcastle-United,Defender,Sweden,26,5,8,0,0,0,2,1,329,0,0,0,4,0
Federico Fernández,18,Newcastle-United,Defender,Argentina,31,55,72,4,0,0,43,7,7218,0,25,0,135,8
Javier Manquillo,19,Newcastle-United,Defender,Spain,26,25,45,1,0,0,18,5,2235,0,15,0,72,11
DeAndre Yedlin,22,Newcastle-United,Defender,United States,27,29,48,2,0,0,19,5,2500,0,16,1,102,15
Jamal Lewis,15,Newcastle-United,Defender,Northern Ireland,22,4,24,1,0,0,3,0,1101,0,5,0,16,2
Jacob Murphy,23,Newcastle-United,Midfielder,England,25,6,22,1,24,8,0,2,325,0,0,0,12,1
Jonjo Shelvey,8,Newcastle-United,Midfielder,England,28,77,86,20,374,114,0,23,8878,0,33,4,178,12
Matt Ritchie,11,Newcastle-United,Midfielder,Scotland,31,38,58,11,206,51,0,20,4121,0,24,0,159,8
Isaac Hayden,14,Newcastle-United,Midfielder,England,25,31,31,3,55,17,0,6,2149,0,15,2,92,2
Miguel Almirón,24,Newcastle-United,Midfielder,Paraguay,26,17,18,4,76,25,0,3,1098,0,5,0,37,28
Christian Atsu,30,Newcastle-United,Midfielder,Ghana,28,25,32,3,72,28,0,6,1096,0,5,0,34,14
Sean Longstaff,36,Newcastle-United,Midfielder,England,22,12,15,2,33,9,0,1,925,0,4,1,24,0
Matthew Longstaff,4,Newcastle-United,Midfielder,England,20,2,4,2,4,2,0,0,255,0,1,0,6,0
Jeff Hendrick,16,Newcastle-United,Midfielder,Ireland,28,41,55,10,99,25,0,6,3063,0,19,1,97,34
Ryan Fraser,21,Newcastle-United,Midfielder,Scotland,26,34,59,16,132,61,0,26,3469,0,7,0,40,14
Henri Saivet,28,Newcastle-United,Midfielder,Senegal,29,3,2,1,1,1,0,0,106,0,0,0,1,0
Daniel Barlaser,32,Newcastle-United,Midfielder,England,23,0,0,0,0,0,0,0,0,0,0,0,0,0
Andy Carroll,7,Newcastle-United,Forward,England,31,81,92,53,534,172,0,22,4726,0,33,2,321,77
Joelinton,9,Newcastle-United,Forward,Brazil,24,12,17,2,51,15,0,2,836,0,7,0,32,22
Allan Saint-Maximin,10,Newcastle-United,Forward,France,23,11,9,3,47,21,0,4,458,0,0,0,19,3
Dwight Gayle,12,Newcastle-United,Forward,England,29,28,64,25,160,59,0,6,1201,0,8,1,77,34
Callum Wilson,13,Newcastle-United,Forward,England,28,39,60,42,226,91,0,12,1694,0,13,0,177,94
Wes Foderingham,18,Sheffield-United,Goalkeeper,England,29,0,0,0,0,0,0,0,0,0,0,0,0,0
Michael Verrips,21,Sheffield-United,Goalkeeper,Netherlands,23,0,0,0,0,0,0,0,0,0,0,0,0,0
Simon Moore,25,Sheffield-United,Goalkeeper,England,30,0,1,0,0,0,0,0,44,5,0,0,0,0
Aaron Ramsdale,1,Sheffield-United,Goalkeeper,England,22,9,23,0,0,0,5,1,1000,132,0,0,0,0
George Baldock,2,Sheffield-United,Defender,England,27,14,14,2,0,0,13,3,1178,0,7,0,52,11
Enda Stevens,3,Sheffield-United,Defender,Ireland,30,16,17,2,0,0,13,4,1670,0,8,0,46,2
Jack O'Connell,5,Sheffield-United,Defender,England,26,13,11,0,0,0,12,1,1634,0,4,0,22,3
Chris Basham,6,Sheffield-United,Defender,England,32,20,24,1,0,0,12,3,1656,0,5,0,39,5
John Egan,12,Sheffield-United,Defender,Ireland,27,14,13,2,0,0,12,0,1340,0,4,2,37,1
Jack Robinson,19,Sheffield-United,Defender,England,27,2,3,0,0,0,1,0,291,0,1,0,5,1
Kean Bryan,29,Sheffield-United,Defender,England,23,0,0,0,0,0,0,0,0,0,0,0,0,0
Phil Jagielka,15,Sheffield-United,Defender,England,38,147,111,18,0,0,107,9,14775,0,23,2,159,3
Max Lowe,13,Sheffield-United,Defender,England,23,0,0,0,0,0,0,0,0,0,0,0,0,0
Ethan Ampadu,22,Sheffield-United,Defender,Wales,20,1,1,0,0,0,0,0,28,0,0,0,0,0
Jayden Bogle,20,Sheffield-United,Defender,England,20,0,0,0,0,0,0,0,0,0,0,0,0,0
John Fleck,4,Sheffield-United,Midfielder,Scotland,29,10,13,5,32,11,0,2,1047,0,8,0,27,1
John Lundstram,7,Sheffield-United,Midfielder,England,26,12,13,5,44,11,0,3,1247,0,6,0,30,7
Oliver Norwood,16,Sheffield-United,Midfielder,Northern Ireland,29,14,13,1,17,6,0,1,2062,0,8,0,32,1
Ben Osborn,23,Sheffield-United,Midfielder,England,26,8,3,0,3,1,0,0,244,0,0,0,9,1
Sander Berge,8,Sheffield-United,Midfielder,Norway,22,6,7,1,7,2,0,1,412,0,0,0,19,1
Jack Rodwell,26,Sheffield-United,Midfielder,England,29,50,64,10,210,58,0,4,3881,0,26,1,135,7
Regan Slater,28,Sheffield-United,Midfielder,England,21,0,0,0,0,0,0,0,0,0,0,0,0,0
Oliver Burke,14,Sheffield-United,Midfielder,Scotland,23,0,13,0,4,0,0,2,149,0,0,0,5,0
Zak Brunt,42,Sheffield-United,Midfielder,England,18,0,0,0,0,0,0,0,0,0,0,0,0,0
Oliver McBurnie,9,Sheffield-United,Forward,Scotland,24,17,25,6,60,31,0,1,785,0,5,0,35,5
Billy Sharp,10,Sheffield-United,Forward,England,34,7,13,3,17,7,0,2,233,0,1,1,20,14
David McGoldrick,17,Sheffield-United,Forward,Ireland,32,10,10,2,47,20,0,2,636,0,2,0,33,12
Lys Mousset,11,Sheffield-United,Forward,France,24,31,38,9,81,24,0,4,585,0,3,0,48,21
Alex McCarthy,1,Southampton,Goalkeeper,England,30,26,43,0,0,0,17,0,2325,314,3,0,1,0
Angus Gunn,28,Southampton,Goalkeeper,England,24,6,10,0,0,0,5,0,520,63,0,0,0,0
Fraser Forster,44,Southampton,Goalkeeper,England,32,44,38,0,0,0,37,0,2515,259,4,0,0,0
Harry Lewis,41,Southampton,Goalkeeper,England,22,0,0,0,0,0,0,0,0,0,0,0,0,0
Jannik Vestergaard,4,Southampton,Defender,Denmark,28,14,20,1,0,0,8,0,1709,0,5,0,27,1
Jack Stephens,5,Southampton,Defender,England,26,25,40,4,0,0,21,4,3850,0,16,2,55,3
Ryan Bertrand,3,Southampton,Defender,England,31,83,95,7,0,0,59,15,8783,0,31,2,211,10
Jake Vokins,29,Southampton,Defender,England,20,0,0,0,0,0,0,0,58,0,0,0,0,0
Jan Bednarek,35,Southampton,Defender,Poland,24,22,29,2,0,0,11,2,2655,0,12,0,58,0
Yan Valery,18,Southampton,Defender,France,21,11,15,2,0,0,3,1,621,0,4,1,34,5
Kyle Walker-Peters,2,Southampton,Defender,England,23,13,6,0,0,0,5,6,925,0,3,0,14,3
Mohammed Salisu,22,Southampton,Defender,Ghana,21,0,0,0,0,0,0,0,0,0,0,0,0,0
Moussa Djenepo,12,Southampton,Midfielder,Mali,22,7,11,2,22,8,0,2,266,0,4,1,26,3
Oriol Romeu,6,Southampton,Midfielder,Spain,29,66,67,4,113,23,0,0,7889,0,49,0,253,5
James Ward-Prowse,8,Southampton,Midfielder,England,25,80,89,22,249,102,0,22,6946,0,28,1,193,5
Stuart Armstrong,17,Southampton,Midfielder,Scotland,28,19,26,8,79,32,0,5,1230,0,6,0,47,7
Sofiane Boufal,19,Southampton,Midfielder,Morocco,27,12,35,3,73,20,0,4,1328,0,8,0,77,5
Nathan Redmond,11,Southampton,Midfielder,England,26,53,99,25,382,129,0,18,5788,0,12,1,155,48
William Smallbone,20,Southampton,Midfielder,Ireland,20,5,3,0,6,0,0,2,248,0,0,0,4,0
Nathan Tella,23,Southampton,Midfielder,England,21,1,1,0,2,1,0,0,4,0,0,0,0,0
Shane Long,7,Southampton,Forward,Ireland,33,110,143,55,403,161,0,23,4540,0,28,0,395,186
Danny Ings,9,Southampton,Forward,England,28,32,47,45,268,108,0,9,1938,0,11,0,91,43
Che Adams,10,Southampton,Forward,England,24,13,14,4,41,13,0,2,282,0,1,0,20,11
Michael Obafemi,14,Southampton,Forward,Ireland,20,10,12,4,20,8,0,3,156,0,2,0,13,4
Hugo Lloris,1,Tottenham-Hotspur,Goalkeeper,France,33,153,56,0,0,0,92,0,6702,703,3,0,3,0
Paulo Gazzaniga,22,Tottenham-Hotspur,Goalkeeper,Argentina,28,13,20,0,0,0,6,0,982,127,1,0,1,0
Joe Hart,12,Tottenham-Hotspur,Goalkeeper,England,33,169,97,0,0,0,127,1,6733,941,7,0,6,0
Alfie Whiteman,41,Tottenham-Hotspur,Goalkeeper,England,21,0,0,0,0,0,0,0,0,0,0,0,0,0
Brandon Austin,40,Tottenham-Hotspur,Goalkeeper,England,21,0,0,0,0,0,0,0,0,0,0,0,0,0
Toby Alderweireld,4,Tottenham-Hotspur,Defender,Belgium,31,98,42,8,0,0,60,4,10036,0,20,0,68,3
Davinson Sánchez,6,Tottenham-Hotspur,Defender,Colombia,24,46,21,1,0,0,23,1,4901,0,9,1,73,1
Juan Foyth,21,Tottenham-Hotspur,Defender,Argentina,22,8,5,1,0,0,3,0,642,0,4,1,18,0
Serge Aurier,24,Tottenham-Hotspur,Defender,Cote D'Ivoire,27,32,13,3,0,0,12,9,2326,0,4,2,79,9
Ben Davies,33,Tottenham-Hotspur,Defender,Wales,27,96,59,6,0,0,51,15,8593,0,26,0,162,4
Japhet Tanganga,25,Tottenham-Hotspur,Defender,England,21,1,3,0,0,0,2,0,201,0,1,0,8,0
Matt Doherty,2,Tottenham-Hotspur,Defender,Ireland,28,32,22,8,0,0,19,8,2970,0,7,0,63,6
Dennis Cirkin,49,Tottenham-Hotspur,Defender,England,18,0,0,0,0,0,0,0,0,0,0,0,0,0
Cameron Carter-Vickers,0,Tottenham-Hotspur,Defender,United States,22,0,0,0,0,0,0,0,0,0,0,0,0,0
Sergio Reguilón,3,Tottenham-Hotspur,Defender,Spain,23,0,0,0,0,0,0,0,0,0,0,0,0,0
Harry Winks,8,Tottenham-Hotspur,Midfielder,England,24,58,23,2,32,6,0,2,4198,0,14,0,59,2
Erik Lamela,11,Tottenham-Hotspur,Midfielder,Argentina,28,81,36,16,203,69,0,23,4019,0,26,0,213,28
Eric Dier,15,Tottenham-Hotspur,Midfielder,England,26,102,36,10,114,27,0,8,9661,0,33,0,164,6
Moussa Sissoko,17,Tottenham-Hotspur,Midfielder,France,31,110,83,14,216,69,0,24,8466,0,36,2,276,24
Ryan Sessegnon,19,Tottenham-Hotspur,Midfielder,England,20,10,25,2,29,11,0,6,846,0,0,0,24,17
Dele Alli,20,Tottenham-Hotspur,Midfielder,England,24,90,34,50,319,128,0,33,5517,0,24,0,178,31
Tanguy Ndombele,28,Tottenham-Hotspur,Midfielder,France,23,6,10,2,9,4,0,2,672,0,4,0,15,0
Gedson Fernandes,30,Tottenham-Hotspur,Midfielder,Portugal,21,3,1,0,1,0,0,0,39,0,0,0,0,0
Pierre-Emile Højbjerg,5,Tottenham-Hotspur,Midfielder,Denmark,25,34,49,4,143,40,0,4,5860,0,21,2,149,2
Harvey White,48,Tottenham-Hotspur,Midfielder,England,19,0,0,0,0,0,0,0,0,0,0,0,0,0
Giovani Lo Celso,18,Tottenham-Hotspur,Midfielder,Argentina,24,11,8,0,19,3,0,2,995,0,7,0,30,0
Lucas Moura,27,Tottenham-Hotspur,Forward,Brazil,28,38,26,14,108,37,0,5,1653,0,6,0,62,20
Jack Clarke,47,Tottenham-Hotspur,Forward,England,19,0,0,0,0,0,0,0,0,0,0,0,0,0
Son Heung-Min,7,Tottenham-Hotspur,Forward,South Korea,28,95,36,57,354,151,0,29,3731,0,4,2,65,99
Harry Kane,10,Tottenham-Hotspur,Forward,England,27,120,48,144,783,354,0,24,4408,0,26,0,208,160
Steven Bergwijn,23,Tottenham-Hotspur,Forward,Netherlands,22,8,4,3,9,4,0,1,265,0,2,0,9,0
Gareth Bale,9,Tottenham-Hotspur,Forward,Wales,31,62,41,42,435,161,0,20,4663,0,15,1,86,30
Sam Johnstone,1,West-Bromwich-Albion,Goalkeeper,England,27,0,2,0,0,0,0,0,51,6,0,0,0,0
David Button,25,West-Bromwich-Albion,Goalkeeper,England,31,1,2,0,0,0,1,0,99,14,0,0,0,0
Jonathan Bond,23,West-Bromwich-Albion,Goalkeeper,England,27,0,0,0,0,0,0,0,0,0,0,0,0,0
Darnell Furlong,2,West-Bromwich-Albion,Defender,England,24,0,5,0,0,0,0,0,117,0,1,0,5,1
Kieran Gibbs,3,West-Bromwich-Albion,Defender,England,30,88,40,2,0,0,35,9,6012,0,17,2,112,13
Kyle Bartley,5,West-Bromwich-Albion,Defender,England,29,6,11,0,0,0,1,0,776,0,6,0,22,2
Semi Ajayi,6,West-Bromwich-Albion,Defender,Nigeria,26,0,2,0,0,0,0,0,54,0,1,0,2,0
Conor Townsend,14,West-Bromwich-Albion,Defender,England,27,0,0,0,0,0,0,0,0,0,0,0,0,0
Ahmed Hegazi,26,West-Bromwich-Albion,Defender,Egypt,29,6,19,2,0,0,10,0,1186,0,4,0,24,2
Dara O'Shea,27,West-Bromwich-Albion,Defender,Ireland,21,0,2,0,0,0,0,0,79,0,0,0,2,0
Cédric Kipré,24,West-Bromwich-Albion,Defender,Cote D'Ivoire,23,0,0,0,0,0,0,0,0,0,0,0,0,0
Lee Peltier,22,West-Bromwich-Albion,Defender,England,33,7,12,0,0,0,5,0,342,0,4,0,15,0
Branislav Ivanovic,20,West-Bromwich-Albion,Defender,Serbia,36,152,50,22,0,0,86,20,9871,0,55,2,293,18
Jake Livermore,8,West-Bromwich-Albion,Midfielder,England,30,52,87,7,129,32,0,9,6813,0,30,1,199,3
Matt Phillips,10,West-Bromwich-Albion,Midfielder,Scotland,29,28,55,10,150,39,0,22,1831,0,6,0,57,20
Kamil Grosicki,13,West-Bromwich-Albion,Midfielder,Poland,32,4,7,0,24,7,0,4,251,0,1,0,12,6
Rekeem Harper,16,West-Bromwich-Albion,Midfielder,England,20,1,1,0,0,0,0,0,18,0,0,0,1,0
Romaine Sawyers,19,West-Bromwich-Albion,Midfielder,Saint Kitts And Nevis,28,0,2,0,0,0,0,0,63,0,0,0,1,0
Sam Field,28,West-Bromwich-Albion,Midfielder,England,22,5,9,1,6,1,0,0,275,0,5,0,16,0
Kyle Edwards,21,West-Bromwich-Albion,Midfielder,England,22,0,2,0,1,0,0,0,11,0,0,0,0,0
Grady Diangana,11,West-Bromwich-Albion,Midfielder,England,22,7,10,1,13,5,0,1,298,0,0,0,4,2
Conor Gallagher,18,West-Bromwich-Albion,Midfielder,England,20,0,0,0,0,0,0,0,0,0,0,0,0,0
Hal Robson-Kanu,4,West-Bromwich-Albion,Forward,Wales,31,16,39,12,73,28,0,3,682,0,5,1,76,13
Kenneth Zohore,9,West-Bromwich-Albion,Forward,Denmark,26,4,13,1,17,8,0,1,136,0,1,0,13,4
Matheus Pereira,12,West-Bromwich-Albion,Forward,Brazil,24,0,2,1,4,2,0,1,56,0,0,0,3,0
Charlie Austin,15,West-Bromwich-Albion,Forward,England,31,25,55,34,255,106,0,8,1500,0,8,1,83,68
Callum Robinson,7,West-Bromwich-Albion,Forward,Ireland,25,3,10,1,14,5,0,1,190,0,1,0,13,5
Jamie Soule,32,West-Bromwich-Albion,Forward,England,19,0,0,0,0,0,0,0,0,0,0,0,0,0
Lukasz Fabianski,1,West-Ham-United,Goalkeeper,Poland,35,91,104,0,0,0,63,2,6328,807,4,1,6,0
David Martin,25,West-Ham-United,Goalkeeper,England,34,2,3,0,0,0,2,0,111,15,1,0,0,0
Darren Randolph,35,West-Ham-United,Goalkeeper,Ireland,33,10,14,0,0,0,6,0,839,85,1,0,0,0
Nathan Trott,34,West-Ham-United,Goalkeeper,England,21,0,0,0,0,0,0,0,0,0,0,0,0,0
Aaron Cresswell,3,West-Ham-United,Defender,England,30,61,75,8,0,0,40,18,6957,0,23,1,88,18
Fabián Balbuena,4,West-Ham-United,Defender,Paraguay,29,15,19,2,0,0,8,0,1335,0,4,0,25,0
Gonçalo Cardoso,29,West-Ham-United,Defender,Portugal,19,0,0,0,0,0,0,0,0,0,0,0,0,0
Angelo Ogbonna,21,West-Ham-United,Defender,Italy,32,47,53,4,0,0,28,1,4633,0,16,0,88,1
Issa Diop,23,West-Ham-United,Defender,France,23,23,29,4,0,0,11,1,2212,0,12,0,49,4
Ryan Fredericks,24,West-Ham-United,Defender,England,27,13,22,1,0,0,9,4,1358,0,14,0,38,2
Arthur Masuaku,26,West-Ham-United,Defender,The Democratic Republic Of Congo,26,26,33,0,0,0,12,6,2578,0,12,1,72,2
Ben Johnson,31,West-Ham-United,Defender,England,20,1,1,0,1,0,0,0,135,0,0,0,8,0
Ajibola Alese,42,West-Ham-United,Defender,England,19,0,0,0,0,0,0,0,0,0,0,0,0,0
Harrison Ashby,50,West-Ham-United,Defender,Scotland,18,0,0,0,0,0,0,0,0,0,0,0,0,0
Felipe Anderson,8,West-Ham-United,Midfielder,Brazil,27,20,32,10,81,33,0,8,2567,0,4,0,44,7
Manuel Lanzini,10,West-Ham-United,Midfielder,Argentina,27,39,49,20,195,61,0,13,5096,0,19,0,50,20
Robert Snodgrass,11,West-Ham-United,Midfielder,Scotland,33,43,78,26,250,88,0,23,4715,0,30,0,199,27
Mark Noble,16,West-Ham-United,Midfielder,England,33,130,158,46,332,114,0,35,17862,0,81,5,380,27
Pablo Fornals,18,West-Ham-United,Midfielder,Spain,24,10,19,2,37,11,0,5,893,0,3,0,19,7
Jack Wilshere,19,West-Ham-United,Midfielder,England,28,87,52,8,140,50,0,18,7494,0,36,2,169,10
Declan Rice,41,West-Ham-United,Midfielder,England,21,33,44,3,59,14,0,3,3942,0,11,0,64,3
Josh Cullen,33,West-Ham-United,Midfielder,Ireland,24,2,0,0,0,0,0,0,4,0,0,0,0,0
Conor Coventry,54,West-Ham-United,Midfielder,Ireland,20,0,0,0,0,0,0,0,0,0,0,0,0,0
Michail Antonio,30,West-Ham-United,Forward,England,30,46,56,37,307,117,0,14,2689,0,14,1,153,60
Andriy Yarmolenko,7,West-Ham-United,Forward,Ukraine,30,10,16,7,38,17,0,1,626,0,5,0,25,9
Jarrod Bowen,20,West-Ham-United,Forward,England,23,4,15,1,32,7,0,4,328,0,0,0,8,1
Sébastien Haller,22,West-Ham-United,Forward,France,26,9,18,7,58,28,0,1,779,0,1,0,49,19
Xande Silva,32,West-Ham-United,Forward,Portugal,23,0,1,0,2,0,0,0,4,0,0,0,0,0
Emmanuel Longelo,56,West-Ham-United,Forward,England,19,0,0,0,0,0,0,0,0,0,0,0,0,0
Rui Patrício,11,Wolverhampton-Wanderers,Goalkeeper,Portugal,32,31,23,0,0,0,21,0,1530,195,0,0,0,0
John Ruddy,21,Wolverhampton-Wanderers,Goalkeeper,England,33,33,54,0,0,0,25,0,2580,389,3,1,1,0
Willy Boly,15,Wolverhampton-Wanderers,Defender,France,29,24,18,4,0,0,20,1,2779,0,3,2,55,4
Conor Coady,16,Wolverhampton-Wanderers,Defender,England,27,33,23,0,0,0,23,0,3617,0,10,0,28,0
Jonny,19,Wolverhampton-Wanderers,Defender,Spain,26,27,19,3,0,0,14,3,2162,0,10,0,57,7
Rúben Vinagre,29,Wolverhampton-Wanderers,Defender,Portugal,21,14,10,0,0,0,2,0,556,0,2,0,19,1
Maximilian Kilman,49,Wolverhampton-Wanderers,Defender,England,23,2,1,0,0,0,0,0,101,0,0,0,2,0
Oskar Buur,59,Wolverhampton-Wanderers,Defender,Denmark,22,1,0,0,0,0,0,0,14,0,0,0,0,0
Marçal,5,Wolverhampton-Wanderers,Defender,Brazil,31,1,1,0,0,0,1,0,37,0,1,0,1,0
Ki-Jana Hoever,2,Wolverhampton-Wanderers,Defender,Netherlands,18,0,0,0,0,0,0,0,0,0,0,0,0,0
Rúben Neves,8,Wolverhampton-Wanderers,Midfielder,Portugal,23,30,23,6,137,26,0,5,4024,0,17,0,66,0
Daniel Podence,10,Wolverhampton-Wanderers,Midfielder,Portugal,24,5,2,1,12,3,0,2,143,0,0,0,6,3
Romain Saïss,27,Wolverhampton-Wanderers,Midfielder,Morocco,30,24,16,5,38,15,0,1,2453,0,17,1,72,2
João Moutinho,28,Wolverhampton-Wanderers,Midfielder,Portugal,34,32,23,2,40,9,0,14,3778,0,11,0,95,3
Leander Dendoncker,32,Wolverhampton-Wanderers,Midfielder,Belgium,25,26,15,6,37,15,0,0,1966,0,6,0,43,1
Vitinha,20,Wolverhampton-Wanderers,Midfielder,Portugal,20,1,0,0,0,0,0,0,5,0,0,0,0,0
Meritan Shabani,57,Wolverhampton-Wanderers,Midfielder,Germany,21,0,0,0,0,0,0,0,0,0,0,0,0,0
Pedro Neto,7,Wolverhampton-Wanderers,Forward,Portugal,20,14,7,3,19,6,0,4,399,0,3,0,16,5
Raúl Jiménez,9,Wolverhampton-Wanderers,Forward,Mexico,29,32,23,32,237,82,0,13,2108,0,7,0,81,52
Adama Traoré,37,Wolverhampton-Wanderers,Forward,Spain,24,27,47,5,78,21,0,12,1434,0,4,0,80,13
Fábio Silva,17,Wolverhampton-Wanderers,Forward,Portugal,18,0,1,0,0,0,0,0,1,0,0,0,0,0
Leonardo Campana,30,Wolverhampton-Wanderers,Forward,Ecuador,20,0,0,0,0,0,0,0,0,0,0,0,0,0